{"cameraMode":{"drawMode":0,"name":"Shaded","section":"Shading Mode"},"sceneLighting":false,"audioPlay":false,"sceneViewState":{"showFog":true,"showMaterialUpdate":false,"showSkybox":false,"showFlares":true,"showImageEffects":true,"showParticleSystems":true},"in2DMode":false,"pivot":{"x":3.7623538970947267,"y":-2.0815367698669435,"z":15.430919647216797},"rotation":{"x":-0.09727686643600464,"y":-0.0873706191778183,"z":0.008572887629270554,"w":-0.9913791418075562},"size":10.0,"orthographic":false}