{"cameraMode":{"drawMode":0,"name":"Shaded","section":"Shading Mode"},"sceneLighting":false,"audioPlay":false,"sceneViewState":{"showFog":true,"showMaterialUpdate":false,"showSkybox":false,"showFlares":true,"showImageEffects":true,"showParticleSystems":true},"in2DMode":false,"pivot":{"x":-3.2750935554504396,"y":2.828443765640259,"z":0.62799072265625},"rotation":{"x":-0.09147247672080994,"y":-0.18941128253936768,"z":0.01772560551762581,"w":-0.9774787425994873},"size":8.559802055358887,"orthographic":false}