{"cameraMode":{"drawMode":0,"name":"Shaded","section":"Shading Mode"},"sceneLighting":false,"audioPlay":false,"sceneViewState":{"showFog":true,"showMaterialUpdate":false,"showSkybox":false,"showFlares":true,"showImageEffects":true,"showParticleSystems":true},"in2DMode":false,"pivot":{"x":-2.5345406532287599,"y":1.4135148525238038,"z":-13.39342975616455},"rotation":{"x":0.015294007956981659,"y":0.04529137909412384,"z":-0.0006639519706368446,"w":0.9988939762115479},"size":0.7071067690849304,"orthographic":false}