{"cameraMode":{"drawMode":0,"name":"Shaded","section":"Shading Mode"},"sceneLighting":false,"audioPlay":false,"sceneViewState":{"showFog":true,"showMaterialUpdate":false,"showSkybox":false,"showFlares":true,"showImageEffects":true,"showParticleSystems":true},"in2DMode":false,"pivot":{"x":1.7058862447738648,"y":1.845302939414978,"z":-10.292295455932618},"rotation":{"x":0.07373727858066559,"y":0.01377389021217823,"z":-0.0009996226290240884,"w":0.9972174763679504},"size":0.7071067690849304,"orthographic":false}