{"cameraMode":{"drawMode":0,"name":"Shaded","section":"Shading Mode"},"sceneLighting":false,"audioPlay":false,"sceneViewState":{"showFog":true,"showMaterialUpdate":false,"showSkybox":false,"showFlares":true,"showImageEffects":true,"showParticleSystems":true},"in2DMode":false,"pivot":{"x":-1.5045557022094727,"y":-1.6819467544555665,"z":0.6289629340171814},"rotation":{"x":-0.20768792927265168,"y":-0.7148935794830322,"z":0.23793341219425202,"w":-0.6239411234855652},"size":2.872281312942505,"orthographic":false}