{"cameraMode":{"drawMode":0,"name":"Shaded","section":"Shading Mode"},"sceneLighting":false,"audioPlay":false,"sceneViewState":{"showFog":true,"showMaterialUpdate":false,"showSkybox":false,"showFlares":true,"showImageEffects":true,"showParticleSystems":true},"in2DMode":false,"pivot":{"x":-3.636652946472168,"y":9.242077827453614,"z":-8.65572738647461},"rotation":{"x":-0.2728138267993927,"y":0.008584617637097836,"z":-0.0025802517775446178,"w":-0.9621031880378723},"size":0.3339746594429016,"orthographic":false}