{"cameraMode":{"drawMode":0,"name":"Shaded","section":"Shading Mode"},"sceneLighting":false,"audioPlay":false,"sceneViewState":{"showFog":true,"showMaterialUpdate":false,"showSkybox":false,"showFlares":true,"showImageEffects":true,"showParticleSystems":true},"in2DMode":false,"pivot":{"x":9.901510238647461,"y":-5.158077239990234,"z":-6.856011867523193},"rotation":{"x":0.2684735953807831,"y":0.27297529578208926,"z":-0.0795985609292984,"w":0.9204072952270508},"size":14.857658386230469,"orthographic":false}