{"cameraMode":{"drawMode":0,"name":"Shaded","section":"Shading Mode"},"sceneLighting":false,"audioPlay":false,"sceneViewState":{"showFog":true,"showMaterialUpdate":false,"showSkybox":false,"showFlares":true,"showImageEffects":true,"showParticleSystems":true},"in2DMode":false,"pivot":{"x":-0.8650519251823425,"y":-2.931098222732544,"z":-1.7612146139144898},"rotation":{"x":-0.08570477366447449,"y":0.005078596528619528,"z":-0.00043103500502184033,"w":-0.9963359236717224},"size":4.982080459594727,"orthographic":false}