{"cameraMode":{"drawMode":0,"name":"Shaded","section":"Shading Mode"},"sceneLighting":false,"audioPlay":false,"sceneViewState":{"showFog":true,"showMaterialUpdate":false,"showSkybox":false,"showFlares":true,"showImageEffects":true,"showParticleSystems":true},"in2DMode":false,"pivot":{"x":-1.1780037879943848,"y":-10.817999839782715,"z":39.53836441040039},"rotation":{"x":0.13485775887966157,"y":-0.02494978718459606,"z":0.003453176701441407,"w":0.9905904531478882},"size":28.016071319580079,"orthographic":false}