{"cameraMode":{"drawMode":0,"name":"Shaded","section":"Shading Mode"},"sceneLighting":false,"audioPlay":false,"sceneViewState":{"showFog":true,"showMaterialUpdate":false,"showSkybox":false,"showFlares":true,"showImageEffects":true,"showParticleSystems":true},"in2DMode":false,"pivot":{"x":-16.485424041748048,"y":-2.3834261894226076,"z":29.236995697021486},"rotation":{"x":0.08839624375104904,"y":0.08239886909723282,"z":-0.007282599341124296,"w":0.9926916360855103},"size":28.016071319580079,"orthographic":false}