{"cameraMode":{"drawMode":0,"name":"Shaded","section":"Shading Mode"},"sceneLighting":false,"audioPlay":false,"sceneViewState":{"showFog":true,"showMaterialUpdate":false,"showSkybox":false,"showFlares":true,"showImageEffects":true,"showParticleSystems":true},"in2DMode":false,"pivot":{"x":-2.8066012859344484,"y":10.269134521484375,"z":-28.0145263671875},"rotation":{"x":0.040753595530986789,"y":0.04825545474886894,"z":-0.0019234631909057499,"w":0.9980427622795105},"size":1.6071066856384278,"orthographic":false}