{"cameraMode":{"drawMode":0,"name":"Shaded","section":"Shading Mode"},"sceneLighting":false,"audioPlay":false,"sceneViewState":{"showFog":true,"showMaterialUpdate":false,"showSkybox":false,"showFlares":true,"showImageEffects":true,"showParticleSystems":true},"in2DMode":false,"pivot":{"x":-0.6578879952430725,"y":1.356459140777588,"z":-2.227527141571045},"rotation":{"x":0.12833814322948457,"y":-0.0053594340570271019,"z":-0.0006878823041915894,"w":-0.9917438626289368},"size":4.982080459594727,"orthographic":false}