{"cameraMode":{"drawMode":0,"name":"Shaded","section":"Shading Mode"},"sceneLighting":false,"audioPlay":false,"sceneViewState":{"showFog":true,"showMaterialUpdate":false,"showSkybox":false,"showFlares":true,"showImageEffects":true,"showParticleSystems":true},"in2DMode":false,"pivot":{"x":-6.909544944763184,"y":16.82536506652832,"z":53.37944793701172},"rotation":{"x":-0.04464423283934593,"y":-0.04014226421713829,"z":-0.0017482738476246596,"w":0.9982361793518066},"size":28.016071319580079,"orthographic":false}