{"cameraMode":{"drawMode":0,"name":"Shaded","section":"Shading Mode"},"sceneLighting":false,"audioPlay":false,"sceneViewState":{"showFog":true,"showMaterialUpdate":false,"showSkybox":false,"showFlares":true,"showImageEffects":true,"showParticleSystems":true},"in2DMode":false,"pivot":{"x":6.957908630371094,"y":-2.3181633949279787,"z":7.057572841644287},"rotation":{"x":-0.18741564452648164,"y":-0.19251058995723725,"z":0.03748957812786102,"w":-0.9625175595283508},"size":8.559802055358887,"orthographic":false}