{"cameraMode":{"drawMode":0,"name":"Shaded","section":"Shading Mode"},"sceneLighting":true,"audioPlay":false,"sceneViewState":{"showFog":true,"showMaterialUpdate":false,"showSkybox":false,"showFlares":true,"showImageEffects":true,"showParticleSystems":true},"in2DMode":false,"pivot":{"x":0.7564594149589539,"y":3.8561534881591799,"z":-8.622265815734864},"rotation":{"x":-0.006306891795247793,"y":-0.030897386372089387,"z":0.00019491571583785117,"w":-0.9995026588439941},"size":5.107395172119141,"orthographic":false}