{"cameraMode":{"drawMode":0,"name":"Shaded","section":"Shading Mode"},"sceneLighting":false,"audioPlay":false,"sceneViewState":{"showFog":true,"showMaterialUpdate":false,"showSkybox":false,"showFlares":true,"showImageEffects":true,"showParticleSystems":true},"in2DMode":false,"pivot":{"x":-2.3957133293151857,"y":4.507848262786865,"z":4.8404011726379398},"rotation":{"x":0.04835716262459755,"y":0.18087631464004517,"z":0.008916875347495079,"w":-0.9822976589202881},"size":10.0,"orthographic":false}