{"cameraMode":{"drawMode":0,"name":"Shaded","section":"Shading Mode"},"sceneLighting":false,"audioPlay":false,"sceneViewState":{"showFog":true,"showMaterialUpdate":false,"showSkybox":false,"showFlares":true,"showImageEffects":true,"showParticleSystems":true},"in2DMode":false,"pivot":{"x":-5.9968461990356449,"y":2.3039681911468508,"z":-5.355503082275391},"rotation":{"x":-0.00630846805870533,"y":0.011096671223640442,"z":-0.00006287234282353893,"w":-0.9999467730522156},"size":2.5637714862823488,"orthographic":false}